class_id;AP@0.50;AP@0.75;AP@0.90;mAP@[0.50:0.95];GT_objs
1;0.11043408397868412;0.0038831242264563293;0.0;0.03736387919296602;2723
