class_id;AP@0.50;AP@0.75;AP@0.90;mAP@[0.50:0.95];GT_objs
1;0.8966949807482789;0.3146956291411179;0.008888888888888889;0.4359226482586186;50
