class_id;AP@0.50;AP@0.75;AP@0.90;mAP@[0.50:0.95];GT_objs
1;1.750830548489808e-05;0.0;0.0;1.7508305484898081e-06;2723
