class_id;AP@0.50;AP@0.75;AP@0.90;mAP@[0.50:0.95];GT_objs
1;0.8975380561439563;0.48688493987578657;0.02222222222222222;0.5054781096843113;50
