class_id;AP@0.50;AP@0.75;AP@0.90;mAP@[0.50:0.95];GT_objs
1;0.8217804893298455;0.5788883533848735;0.03861369558741151;0.5076034929883042;1109
