class_id;AP@0.50;AP@0.75;AP@0.90;mAP@[0.50:0.95];GT_objs
1;0.9178153304869552;0.48094197824057155;0.0;0.4744695840729543;24
