class_id;AP@0.50;AP@0.75;AP@0.90;mAP@[0.50:0.95];GT_objs
1;0.7871114034635596;0.5415868869382213;0.04690290028292671;0.4898859541010336;1109
