class_id;AP@0.50;AP@0.75;AP@0.90;mAP@[0.50:0.95];GT_objs
1;0.939249164578112;0.9030939617562426;0.4469893029675638;0.7601034779776522;24
